1	NORTH	0	1	0	LOG	-1
1	NORTH	0	2	0	LOG	-1
1	NORTH	2	0	0	LOG	-1
1	NORTH	-2	0	0	LOG	-1
1	NORTH	2	1	0	LOG	-1
1	NORTH	-2	1	0	LOG	-1
1	NORTH	2	2	0	LOG	-1
1	NORTH	-2	2	0	LOG	-1
1	NORTH	1	0	0	GLASS	-1
1	NORTH	-1	0	0	GLASS	-1
1	NORTH	1	1	0	GLASS	-1
1	NORTH	-1	1	0	GLASS	-1
1	NORTH	1	2	0	GLASS	-1
1	NORTH	-1	2	0	GLASS	-1
1	NORTH	2	0	4	LOG	-1
1	NORTH	-2	0	4	LOG	-1
1	NORTH	2	1	4	LOG	-1
1	NORTH	-2	1	4	LOG	-1
1	NORTH	2	2	4	LOG	-1
1	NORTH	-2	2	4	LOG	-1
1	NORTH	1	0	4	PLANKS	-1
1	NORTH	-1	0	4	PLANKS	-1
1	NORTH	1	1	4	PLANKS	-1
1	NORTH	-1	1	4	PLANKS	-1
1	NORTH	1	2	4	PLANKS	-1
1	NORTH	-1	2	4	PLANKS	-1
1	NORTH	0	2	4	PLANKS	-1
1	NORTH	2	-1	1	PLANKS	-1
1	NORTH	-2	-1	1	PLANKS	-1
1	NORTH	2	0	1	GLASS	-1
1	NORTH	-2	0	1	GLASS	-1
1	NORTH	2	1	1	GLASS	-1
1	NORTH	-2	1	1	GLASS	-1
1	NORTH	2	2	1	PLANKS	-1
1	NORTH	-2	2	1	PLANKS	-1
1	NORTH	2	2	2	PLANKS	-1
1	NORTH	-2	2	2	PLANKS	-1
1	NORTH	2	-1	3	PLANKS	-1
1	NORTH	-2	-1	3	PLANKS	-1
1	NORTH	2	0	3	GLASS	-1
1	NORTH	-2	0	3	GLASS	-1
1	NORTH	2	1	3	GLASS	-1
1	NORTH	-2	1	3	GLASS	-1
1	NORTH	2	2	3	PLANKS	-1
1	NORTH	-2	2	3	PLANKS	-1
1	NORTH	2	0	2	LOG	-1
1	NORTH	-2	0	2	LOG	-1
1	NORTH	2	1	2	LOG	-1
1	NORTH	-2	1	2	LOG	-1
1	NORTH	-1	3	0	PLANKS	-1
1	NORTH	-1	3	4	PLANKS	-1
1	NORTH	0	3	0	PLANKS	-1
1	NORTH	0	3	4	PLANKS	-1
1	NORTH	1	3	0	PLANKS	-1
1	NORTH	1	3	4	PLANKS	-1
1	NORTH	3	2	-1	STAIRS	1
1	NORTH	-3	2	-1	STAIRS	0
1	NORTH	0	4	-1	PLANKS	-1
1	NORTH	2	3	-1	STAIRS	1
1	NORTH	-2	3	-1	STAIRS	0
1	NORTH	1	4	-1	STAIRS	1
1	NORTH	-1	4	-1	STAIRS	0
1	NORTH	3	2	0	STAIRS	1
1	NORTH	-3	2	0	STAIRS	0
1	NORTH	0	4	0	PLANKS	-1
1	NORTH	2	3	0	STAIRS	1
1	NORTH	-2	3	0	STAIRS	0
1	NORTH	1	4	0	STAIRS	1
1	NORTH	-1	4	0	STAIRS	0
1	NORTH	3	2	1	STAIRS	1
1	NORTH	-3	2	1	STAIRS	0
1	NORTH	0	4	1	PLANKS	-1
1	NORTH	2	3	1	STAIRS	1
1	NORTH	-2	3	1	STAIRS	0
1	NORTH	1	4	1	STAIRS	1
1	NORTH	-1	4	1	STAIRS	0
1	NORTH	3	2	2	STAIRS	1
1	NORTH	-3	2	2	STAIRS	0
1	NORTH	0	4	2	PLANKS	-1
1	NORTH	2	3	2	STAIRS	1
1	NORTH	-2	3	2	STAIRS	0
1	NORTH	1	4	2	STAIRS	1
1	NORTH	-1	4	2	STAIRS	0
1	NORTH	3	2	3	STAIRS	1
1	NORTH	-3	2	3	STAIRS	0
1	NORTH	0	4	3	PLANKS	-1
1	NORTH	2	3	3	STAIRS	1
1	NORTH	-2	3	3	STAIRS	0
1	NORTH	1	4	3	STAIRS	1
1	NORTH	-1	4	3	STAIRS	0
1	NORTH	3	2	4	STAIRS	1
1	NORTH	-3	2	4	STAIRS	0
1	NORTH	0	4	4	PLANKS	-1
1	NORTH	2	3	4	STAIRS	1
1	NORTH	-2	3	4	STAIRS	0
1	NORTH	1	4	4	STAIRS	1
1	NORTH	-1	4	4	STAIRS	0
1	NORTH	3	2	5	STAIRS	1
1	NORTH	-3	2	5	STAIRS	0
1	NORTH	0	4	5	PLANKS	-1
1	NORTH	2	3	5	STAIRS	1
1	NORTH	-2	3	5	STAIRS	0
1	NORTH	1	4	5	STAIRS	1
1	NORTH	-1	4	5	STAIRS	0
1	NORTH	1	3	-1	STAIRS	4
1	NORTH	-1	3	-1	STAIRS	5
1	NORTH	2	2	-1	STAIRS	4
1	NORTH	-2	2	-1	STAIRS	5
1	NORTH	1	3	1	STAIRS	4
1	NORTH	-1	3	1	STAIRS	5
1	NORTH	1	3	2	STAIRS	4
1	NORTH	-1	3	2	STAIRS	5
1	NORTH	1	3	3	STAIRS	4
1	NORTH	-1	3	3	STAIRS	5
1	NORTH	1	3	5	STAIRS	4
1	NORTH	-1	3	5	STAIRS	5
1	NORTH	2	2	5	STAIRS	4
1	NORTH	-2	2	5	STAIRS	5
1	EAST	0	1	0	LOG	-1
1	EAST	0	2	0	LOG	-1
1	EAST	2	0	0	LOG	-1
1	EAST	-2	0	0	LOG	-1
1	EAST	2	1	0	LOG	-1
1	EAST	-2	1	0	LOG	-1
1	EAST	2	2	0	LOG	-1
1	EAST	-2	2	0	LOG	-1
1	EAST	1	0	0	GLASS	-1
1	EAST	-1	0	0	GLASS	-1
1	EAST	1	1	0	GLASS	-1
1	EAST	-1	1	0	GLASS	-1
1	EAST	1	2	0	GLASS	-1
1	EAST	-1	2	0	GLASS	-1
1	EAST	2	0	4	LOG	-1
1	EAST	-2	0	4	LOG	-1
1	EAST	2	1	4	LOG	-1
1	EAST	-2	1	4	LOG	-1
1	EAST	2	2	4	LOG	-1
1	EAST	-2	2	4	LOG	-1
1	EAST	1	0	4	PLANKS	-1
1	EAST	-1	0	4	PLANKS	-1
1	EAST	1	1	4	PLANKS	-1
1	EAST	-1	1	4	PLANKS	-1
1	EAST	1	2	4	PLANKS	-1
1	EAST	-1	2	4	PLANKS	-1
1	EAST	0	2	4	PLANKS	-1
1	EAST	2	-1	1	PLANKS	-1
1	EAST	-2	-1	1	PLANKS	-1
1	EAST	2	0	1	GLASS	-1
1	EAST	-2	0	1	GLASS	-1
1	EAST	2	1	1	GLASS	-1
1	EAST	-2	1	1	GLASS	-1
1	EAST	2	2	1	PLANKS	-1
1	EAST	-2	2	1	PLANKS	-1
1	EAST	2	2	2	PLANKS	-1
1	EAST	-2	2	2	PLANKS	-1
1	EAST	2	-1	3	PLANKS	-1
1	EAST	-2	-1	3	PLANKS	-1
1	EAST	2	0	3	GLASS	-1
1	EAST	-2	0	3	GLASS	-1
1	EAST	2	1	3	GLASS	-1
1	EAST	-2	1	3	GLASS	-1
1	EAST	2	2	3	PLANKS	-1
1	EAST	-2	2	3	PLANKS	-1
1	EAST	2	0	2	LOG	-1
1	EAST	-2	0	2	LOG	-1
1	EAST	2	1	2	LOG	-1
1	EAST	-2	1	2	LOG	-1
1	EAST	-1	3	0	PLANKS	-1
1	EAST	-1	3	4	PLANKS	-1
1	EAST	0	3	0	PLANKS	-1
1	EAST	0	3	4	PLANKS	-1
1	EAST	1	3	0	PLANKS	-1
1	EAST	1	3	4	PLANKS	-1
1	EAST	3	2	-1	STAIRS	3
1	EAST	-3	2	-1	STAIRS	2
1	EAST	0	4	-1	PLANKS	-1
1	EAST	2	3	-1	STAIRS	3
1	EAST	-2	3	-1	STAIRS	2
1	EAST	1	4	-1	STAIRS	3
1	EAST	-1	4	-1	STAIRS	2
1	EAST	3	2	0	STAIRS	3
1	EAST	-3	2	0	STAIRS	2
1	EAST	0	4	0	PLANKS	-1
1	EAST	2	3	0	STAIRS	3
1	EAST	-2	3	0	STAIRS	2
1	EAST	1	4	0	STAIRS	3
1	EAST	-1	4	0	STAIRS	2
1	EAST	3	2	1	STAIRS	3
1	EAST	-3	2	1	STAIRS	2
1	EAST	0	4	1	PLANKS	-1
1	EAST	2	3	1	STAIRS	3
1	EAST	-2	3	1	STAIRS	2
1	EAST	1	4	1	STAIRS	3
1	EAST	-1	4	1	STAIRS	2
1	EAST	3	2	2	STAIRS	3
1	EAST	-3	2	2	STAIRS	2
1	EAST	0	4	2	PLANKS	-1
1	EAST	2	3	2	STAIRS	3
1	EAST	-2	3	2	STAIRS	2
1	EAST	1	4	2	STAIRS	3
1	EAST	-1	4	2	STAIRS	2
1	EAST	3	2	3	STAIRS	3
1	EAST	-3	2	3	STAIRS	2
1	EAST	0	4	3	PLANKS	-1
1	EAST	2	3	3	STAIRS	3
1	EAST	-2	3	3	STAIRS	2
1	EAST	1	4	3	STAIRS	3
1	EAST	-1	4	3	STAIRS	2
1	EAST	3	2	4	STAIRS	3
1	EAST	-3	2	4	STAIRS	2
1	EAST	0	4	4	PLANKS	-1
1	EAST	2	3	4	STAIRS	3
1	EAST	-2	3	4	STAIRS	2
1	EAST	1	4	4	STAIRS	3
1	EAST	-1	4	4	STAIRS	2
1	EAST	3	2	5	STAIRS	3
1	EAST	-3	2	5	STAIRS	2
1	EAST	0	4	5	PLANKS	-1
1	EAST	2	3	5	STAIRS	3
1	EAST	-2	3	5	STAIRS	2
1	EAST	1	4	5	STAIRS	3
1	EAST	-1	4	5	STAIRS	2
1	EAST	1	3	-1	STAIRS	6
1	EAST	-1	3	-1	STAIRS	7
1	EAST	2	2	-1	STAIRS	6
1	EAST	-2	2	-1	STAIRS	7
1	EAST	1	3	1	STAIRS	6
1	EAST	-1	3	1	STAIRS	7
1	EAST	1	3	2	STAIRS	6
1	EAST	-1	3	2	STAIRS	7
1	EAST	1	3	3	STAIRS	6
1	EAST	-1	3	3	STAIRS	7
1	EAST	1	3	5	STAIRS	6
1	EAST	-1	3	5	STAIRS	7
1	EAST	2	2	5	STAIRS	6
1	EAST	-2	2	5	STAIRS	7
1	SOUTH	0	1	0	LOG	-1
1	SOUTH	0	2	0	LOG	-1
1	SOUTH	2	0	0	LOG	-1
1	SOUTH	-2	0	0	LOG	-1
1	SOUTH	2	1	0	LOG	-1
1	SOUTH	-2	1	0	LOG	-1
1	SOUTH	2	2	0	LOG	-1
1	SOUTH	-2	2	0	LOG	-1
1	SOUTH	1	0	0	GLASS	-1
1	SOUTH	-1	0	0	GLASS	-1
1	SOUTH	1	1	0	GLASS	-1
1	SOUTH	-1	1	0	GLASS	-1
1	SOUTH	1	2	0	GLASS	-1
1	SOUTH	-1	2	0	GLASS	-1
1	SOUTH	2	0	4	LOG	-1
1	SOUTH	-2	0	4	LOG	-1
1	SOUTH	2	1	4	LOG	-1
1	SOUTH	-2	1	4	LOG	-1
1	SOUTH	2	2	4	LOG	-1
1	SOUTH	-2	2	4	LOG	-1
1	SOUTH	1	0	4	PLANKS	-1
1	SOUTH	-1	0	4	PLANKS	-1
1	SOUTH	1	1	4	PLANKS	-1
1	SOUTH	-1	1	4	PLANKS	-1
1	SOUTH	1	2	4	PLANKS	-1
1	SOUTH	-1	2	4	PLANKS	-1
1	SOUTH	0	2	4	PLANKS	-1
1	SOUTH	2	-1	1	PLANKS	-1
1	SOUTH	-2	-1	1	PLANKS	-1
1	SOUTH	2	0	1	GLASS	-1
1	SOUTH	-2	0	1	GLASS	-1
1	SOUTH	2	1	1	GLASS	-1
1	SOUTH	-2	1	1	GLASS	-1
1	SOUTH	2	2	1	PLANKS	-1
1	SOUTH	-2	2	1	PLANKS	-1
1	SOUTH	2	2	2	PLANKS	-1
1	SOUTH	-2	2	2	PLANKS	-1
1	SOUTH	2	-1	3	PLANKS	-1
1	SOUTH	-2	-1	3	PLANKS	-1
1	SOUTH	2	0	3	GLASS	-1
1	SOUTH	-2	0	3	GLASS	-1
1	SOUTH	2	1	3	GLASS	-1
1	SOUTH	-2	1	3	GLASS	-1
1	SOUTH	2	2	3	PLANKS	-1
1	SOUTH	-2	2	3	PLANKS	-1
1	SOUTH	2	0	2	LOG	-1
1	SOUTH	-2	0	2	LOG	-1
1	SOUTH	2	1	2	LOG	-1
1	SOUTH	-2	1	2	LOG	-1
1	SOUTH	-1	3	0	PLANKS	-1
1	SOUTH	-1	3	4	PLANKS	-1
1	SOUTH	0	3	0	PLANKS	-1
1	SOUTH	0	3	4	PLANKS	-1
1	SOUTH	1	3	0	PLANKS	-1
1	SOUTH	1	3	4	PLANKS	-1
1	SOUTH	3	2	-1	STAIRS	0
1	SOUTH	-3	2	-1	STAIRS	1
1	SOUTH	0	4	-1	PLANKS	-1
1	SOUTH	2	3	-1	STAIRS	0
1	SOUTH	-2	3	-1	STAIRS	1
1	SOUTH	1	4	-1	STAIRS	0
1	SOUTH	-1	4	-1	STAIRS	1
1	SOUTH	3	2	0	STAIRS	0
1	SOUTH	-3	2	0	STAIRS	1
1	SOUTH	0	4	0	PLANKS	-1
1	SOUTH	2	3	0	STAIRS	0
1	SOUTH	-2	3	0	STAIRS	1
1	SOUTH	1	4	0	STAIRS	0
1	SOUTH	-1	4	0	STAIRS	1
1	SOUTH	3	2	1	STAIRS	0
1	SOUTH	-3	2	1	STAIRS	1
1	SOUTH	0	4	1	PLANKS	-1
1	SOUTH	2	3	1	STAIRS	0
1	SOUTH	-2	3	1	STAIRS	1
1	SOUTH	1	4	1	STAIRS	0
1	SOUTH	-1	4	1	STAIRS	1
1	SOUTH	3	2	2	STAIRS	0
1	SOUTH	-3	2	2	STAIRS	1
1	SOUTH	0	4	2	PLANKS	-1
1	SOUTH	2	3	2	STAIRS	0
1	SOUTH	-2	3	2	STAIRS	1
1	SOUTH	1	4	2	STAIRS	0
1	SOUTH	-1	4	2	STAIRS	1
1	SOUTH	3	2	3	STAIRS	0
1	SOUTH	-3	2	3	STAIRS	1
1	SOUTH	0	4	3	PLANKS	-1
1	SOUTH	2	3	3	STAIRS	0
1	SOUTH	-2	3	3	STAIRS	1
1	SOUTH	1	4	3	STAIRS	0
1	SOUTH	-1	4	3	STAIRS	1
1	SOUTH	3	2	4	STAIRS	0
1	SOUTH	-3	2	4	STAIRS	1
1	SOUTH	0	4	4	PLANKS	-1
1	SOUTH	2	3	4	STAIRS	0
1	SOUTH	-2	3	4	STAIRS	1
1	SOUTH	1	4	4	STAIRS	0
1	SOUTH	-1	4	4	STAIRS	1
1	SOUTH	3	2	5	STAIRS	0
1	SOUTH	-3	2	5	STAIRS	1
1	SOUTH	0	4	5	PLANKS	-1
1	SOUTH	2	3	5	STAIRS	0
1	SOUTH	-2	3	5	STAIRS	1
1	SOUTH	1	4	5	STAIRS	0
1	SOUTH	-1	4	5	STAIRS	1
1	SOUTH	1	3	-1	STAIRS	5
1	SOUTH	-1	3	-1	STAIRS	4
1	SOUTH	2	2	-1	STAIRS	5
1	SOUTH	-2	2	-1	STAIRS	4
1	SOUTH	1	3	1	STAIRS	5
1	SOUTH	-1	3	1	STAIRS	4
1	SOUTH	1	3	2	STAIRS	5
1	SOUTH	-1	3	2	STAIRS	4
1	SOUTH	1	3	3	STAIRS	5
1	SOUTH	-1	3	3	STAIRS	4
1	SOUTH	1	3	5	STAIRS	5
1	SOUTH	-1	3	5	STAIRS	4
1	SOUTH	2	2	5	STAIRS	5
1	SOUTH	-2	2	5	STAIRS	4
1	WEST	0	1	0	LOG	-1
1	WEST	0	2	0	LOG	-1
1	WEST	2	0	0	LOG	-1
1	WEST	-2	0	0	LOG	-1
1	WEST	2	1	0	LOG	-1
1	WEST	-2	1	0	LOG	-1
1	WEST	2	2	0	LOG	-1
1	WEST	-2	2	0	LOG	-1
1	WEST	1	0	0	GLASS	-1
1	WEST	-1	0	0	GLASS	-1
1	WEST	1	1	0	GLASS	-1
1	WEST	-1	1	0	GLASS	-1
1	WEST	1	2	0	GLASS	-1
1	WEST	-1	2	0	GLASS	-1
1	WEST	2	0	4	LOG	-1
1	WEST	-2	0	4	LOG	-1
1	WEST	2	1	4	LOG	-1
1	WEST	-2	1	4	LOG	-1
1	WEST	2	2	4	LOG	-1
1	WEST	-2	2	4	LOG	-1
1	WEST	1	0	4	PLANKS	-1
1	WEST	-1	0	4	PLANKS	-1
1	WEST	1	1	4	PLANKS	-1
1	WEST	-1	1	4	PLANKS	-1
1	WEST	1	2	4	PLANKS	-1
1	WEST	-1	2	4	PLANKS	-1
1	WEST	0	2	4	PLANKS	-1
1	WEST	2	-1	1	PLANKS	-1
1	WEST	-2	-1	1	PLANKS	-1
1	WEST	2	0	1	GLASS	-1
1	WEST	-2	0	1	GLASS	-1
1	WEST	2	1	1	GLASS	-1
1	WEST	-2	1	1	GLASS	-1
1	WEST	2	2	1	PLANKS	-1
1	WEST	-2	2	1	PLANKS	-1
1	WEST	2	2	2	PLANKS	-1
1	WEST	-2	2	2	PLANKS	-1
1	WEST	2	-1	3	PLANKS	-1
1	WEST	-2	-1	3	PLANKS	-1
1	WEST	2	0	3	GLASS	-1
1	WEST	-2	0	3	GLASS	-1
1	WEST	2	1	3	GLASS	-1
1	WEST	-2	1	3	GLASS	-1
1	WEST	2	2	3	PLANKS	-1
1	WEST	-2	2	3	PLANKS	-1
1	WEST	2	0	2	LOG	-1
1	WEST	-2	0	2	LOG	-1
1	WEST	2	1	2	LOG	-1
1	WEST	-2	1	2	LOG	-1
1	WEST	-1	3	0	PLANKS	-1
1	WEST	-1	3	4	PLANKS	-1
1	WEST	0	3	0	PLANKS	-1
1	WEST	0	3	4	PLANKS	-1
1	WEST	1	3	0	PLANKS	-1
1	WEST	1	3	4	PLANKS	-1
1	WEST	3	2	-1	STAIRS	2
1	WEST	-3	2	-1	STAIRS	3
1	WEST	0	4	-1	PLANKS	-1
1	WEST	2	3	-1	STAIRS	2
1	WEST	-2	3	-1	STAIRS	3
1	WEST	1	4	-1	STAIRS	2
1	WEST	-1	4	-1	STAIRS	3
1	WEST	3	2	0	STAIRS	2
1	WEST	-3	2	0	STAIRS	3
1	WEST	0	4	0	PLANKS	-1
1	WEST	2	3	0	STAIRS	2
1	WEST	-2	3	0	STAIRS	3
1	WEST	1	4	0	STAIRS	2
1	WEST	-1	4	0	STAIRS	3
1	WEST	3	2	1	STAIRS	2
1	WEST	-3	2	1	STAIRS	3
1	WEST	0	4	1	PLANKS	-1
1	WEST	2	3	1	STAIRS	2
1	WEST	-2	3	1	STAIRS	3
1	WEST	1	4	1	STAIRS	2
1	WEST	-1	4	1	STAIRS	3
1	WEST	3	2	2	STAIRS	2
1	WEST	-3	2	2	STAIRS	3
1	WEST	0	4	2	PLANKS	-1
1	WEST	2	3	2	STAIRS	2
1	WEST	-2	3	2	STAIRS	3
1	WEST	1	4	2	STAIRS	2
1	WEST	-1	4	2	STAIRS	3
1	WEST	3	2	3	STAIRS	2
1	WEST	-3	2	3	STAIRS	3
1	WEST	0	4	3	PLANKS	-1
1	WEST	2	3	3	STAIRS	2
1	WEST	-2	3	3	STAIRS	3
1	WEST	1	4	3	STAIRS	2
1	WEST	-1	4	3	STAIRS	3
1	WEST	3	2	4	STAIRS	2
1	WEST	-3	2	4	STAIRS	3
1	WEST	0	4	4	PLANKS	-1
1	WEST	2	3	4	STAIRS	2
1	WEST	-2	3	4	STAIRS	3
1	WEST	1	4	4	STAIRS	2
1	WEST	-1	4	4	STAIRS	3
1	WEST	3	2	5	STAIRS	2
1	WEST	-3	2	5	STAIRS	3
1	WEST	0	4	5	PLANKS	-1
1	WEST	2	3	5	STAIRS	2
1	WEST	-2	3	5	STAIRS	3
1	WEST	1	4	5	STAIRS	2
1	WEST	-1	4	5	STAIRS	3
1	WEST	1	3	-1	STAIRS	7
1	WEST	-1	3	-1	STAIRS	6
1	WEST	2	2	-1	STAIRS	7
1	WEST	-2	2	-1	STAIRS	6
1	WEST	1	3	1	STAIRS	7
1	WEST	-1	3	1	STAIRS	6
1	WEST	1	3	2	STAIRS	7
1	WEST	-1	3	2	STAIRS	6
1	WEST	1	3	3	STAIRS	7
1	WEST	-1	3	3	STAIRS	6
1	WEST	1	3	5	STAIRS	7
1	WEST	-1	3	5	STAIRS	6
1	WEST	2	2	5	STAIRS	7
1	WEST	-2	2	5	STAIRS	6
2	NORTH	0	1	0	LOG	-1
2	NORTH	0	2	0	LOG	-1
2	NORTH	0	3	0	LOG	-1
2	NORTH	0	4	0	LOG	-1
2	NORTH	0	5	0	LOG	-1
2	NORTH	0	6	0	LOG	-1
2	NORTH	4	0	0	LOG	-1
2	NORTH	-4	0	0	LOG	-1
2	NORTH	4	1	0	LOG	-1
2	NORTH	-4	1	0	LOG	-1
2	NORTH	4	2	0	LOG	-1
2	NORTH	-4	2	0	LOG	-1
2	NORTH	4	3	0	LOG	-1
2	NORTH	-4	3	0	LOG	-1
2	NORTH	1	-1	0	PLANKS	-1
2	NORTH	-1	-1	0	PLANKS	-1
2	NORTH	2	-1	0	PLANKS	-1
2	NORTH	-2	-1	0	PLANKS	-1
2	NORTH	3	-1	0	PLANKS	-1
2	NORTH	-3	-1	0	PLANKS	-1
2	NORTH	1	0	0	GLASS	-1
2	NORTH	-1	0	0	GLASS	-1
2	NORTH	1	1	0	GLASS	-1
2	NORTH	-1	1	0	GLASS	-1
2	NORTH	1	2	0	GLASS	-1
2	NORTH	-1	2	0	GLASS	-1
2	NORTH	1	3	0	GLASS	-1
2	NORTH	-1	3	0	GLASS	-1
2	NORTH	1	4	0	GLASS	-1
2	NORTH	-1	4	0	GLASS	-1
2	NORTH	1	5	0	GLASS	-1
2	NORTH	-1	5	0	GLASS	-1
2	NORTH	2	0	0	GLASS	-1
2	NORTH	-2	0	0	GLASS	-1
2	NORTH	2	1	0	GLASS	-1
2	NORTH	-2	1	0	GLASS	-1
2	NORTH	2	2	0	GLASS	-1
2	NORTH	-2	2	0	GLASS	-1
2	NORTH	2	3	0	GLASS	-1
2	NORTH	-2	3	0	GLASS	-1
2	NORTH	2	4	0	GLASS	-1
2	NORTH	-2	4	0	GLASS	-1
2	NORTH	2	5	0	GLASS	-1
2	NORTH	-2	5	0	GLASS	-1
2	NORTH	3	0	0	GLASS	-1
2	NORTH	-3	0	0	GLASS	-1
2	NORTH	3	1	0	GLASS	-1
2	NORTH	-3	1	0	GLASS	-1
2	NORTH	3	2	0	GLASS	-1
2	NORTH	-3	2	0	GLASS	-1
2	NORTH	3	3	0	GLASS	-1
2	NORTH	-3	3	0	GLASS	-1
2	NORTH	3	4	0	GLASS	-1
2	NORTH	-3	4	0	GLASS	-1
2	NORTH	4	0	8	LOG	-1
2	NORTH	-4	0	8	LOG	-1
2	NORTH	4	1	8	LOG	-1
2	NORTH	-4	1	8	LOG	-1
2	NORTH	4	2	8	LOG	-1
2	NORTH	-4	2	8	LOG	-1
2	NORTH	4	3	8	LOG	-1
2	NORTH	-4	3	8	LOG	-1
2	NORTH	3	0	8	GLASS	-1
2	NORTH	-3	0	8	GLASS	-1
2	NORTH	2	0	8	GLASS	-1
2	NORTH	-2	0	8	GLASS	-1
2	NORTH	3	1	8	GLASS	-1
2	NORTH	-3	1	8	GLASS	-1
2	NORTH	2	1	8	GLASS	-1
2	NORTH	-2	1	8	GLASS	-1
2	NORTH	3	2	8	GLASS	-1
2	NORTH	-3	2	8	GLASS	-1
2	NORTH	2	2	8	GLASS	-1
2	NORTH	-2	2	8	GLASS	-1
2	NORTH	3	3	8	GLASS	-1
2	NORTH	-3	3	8	GLASS	-1
2	NORTH	2	3	8	GLASS	-1
2	NORTH	-2	3	8	GLASS	-1
2	NORTH	3	4	8	GLASS	-1
2	NORTH	-3	4	8	GLASS	-1
2	NORTH	2	4	8	GLASS	-1
2	NORTH	-2	4	8	GLASS	-1
2	NORTH	2	5	8	GLASS	-1
2	NORTH	-2	5	8	GLASS	-1
2	NORTH	1	0	8	PLANKS	-1
2	NORTH	-1	0	8	PLANKS	-1
2	NORTH	1	1	8	PLANKS	-1
2	NORTH	-1	1	8	PLANKS	-1
2	NORTH	1	2	8	PLANKS	-1
2	NORTH	-1	2	8	PLANKS	-1
2	NORTH	0	2	8	PLANKS	-1
2	NORTH	1	3	8	GLASS	-1
2	NORTH	-1	3	8	GLASS	-1
2	NORTH	0	3	8	GLASS	-1
2	NORTH	1	4	8	GLASS	-1
2	NORTH	-1	4	8	GLASS	-1
2	NORTH	0	4	8	GLASS	-1
2	NORTH	1	5	8	GLASS	-1
2	NORTH	-1	5	8	GLASS	-1
2	NORTH	0	5	8	GLASS	-1
2	NORTH	1	6	8	GLASS	-1
2	NORTH	-1	6	8	GLASS	-1
2	NORTH	0	6	8	GLASS	-1
2	NORTH	2	-1	8	PLANKS	-1
2	NORTH	-2	-1	8	PLANKS	-1
2	NORTH	3	-1	8	PLANKS	-1
2	NORTH	-3	-1	8	PLANKS	-1
2	NORTH	4	0	1	PLANKS	-1
2	NORTH	-4	0	1	PLANKS	-1
2	NORTH	4	1	1	GLASS	-1
2	NORTH	-4	1	1	GLASS	-1
2	NORTH	4	2	1	GLASS	-1
2	NORTH	-4	2	1	GLASS	-1
2	NORTH	4	0	2	PLANKS	-1
2	NORTH	-4	0	2	PLANKS	-1
2	NORTH	4	1	2	GLASS	-1
2	NORTH	-4	1	2	GLASS	-1
2	NORTH	4	2	2	GLASS	-1
2	NORTH	-4	2	2	GLASS	-1
2	NORTH	4	0	3	PLANKS	-1
2	NORTH	-4	0	3	PLANKS	-1
2	NORTH	4	1	3	GLASS	-1
2	NORTH	-4	1	3	GLASS	-1
2	NORTH	4	2	3	GLASS	-1
2	NORTH	-4	2	3	GLASS	-1
2	NORTH	4	0	5	PLANKS	-1
2	NORTH	-4	0	5	PLANKS	-1
2	NORTH	4	1	5	GLASS	-1
2	NORTH	-4	1	5	GLASS	-1
2	NORTH	4	2	5	GLASS	-1
2	NORTH	-4	2	5	GLASS	-1
2	NORTH	4	0	6	PLANKS	-1
2	NORTH	-4	0	6	PLANKS	-1
2	NORTH	4	1	6	GLASS	-1
2	NORTH	-4	1	6	GLASS	-1
2	NORTH	4	2	6	GLASS	-1
2	NORTH	-4	2	6	GLASS	-1
2	NORTH	4	0	7	PLANKS	-1
2	NORTH	-4	0	7	PLANKS	-1
2	NORTH	4	1	7	GLASS	-1
2	NORTH	-4	1	7	GLASS	-1
2	NORTH	4	2	7	GLASS	-1
2	NORTH	-4	2	7	GLASS	-1
2	NORTH	4	0	4	LOG	-1
2	NORTH	-4	0	4	LOG	-1
2	NORTH	4	1	4	LOG	-1
2	NORTH	-4	1	4	LOG	-1
2	NORTH	4	2	4	LOG	-1
2	NORTH	-4	2	4	LOG	-1
2	NORTH	4	3	4	LOG	-1
2	NORTH	-4	3	4	LOG	-1
2	NORTH	1	6	0	PLANKS	-1
2	NORTH	-1	6	0	PLANKS	-1
2	NORTH	5	3	-1	STAIRS	1
2	NORTH	-5	3	-1	STAIRS	0
2	NORTH	0	7	-1	PLANKS	-1
2	NORTH	4	4	-1	STAIRS	1
2	NORTH	-4	4	-1	STAIRS	0
2	NORTH	3	5	-1	STAIRS	1
2	NORTH	-3	5	-1	STAIRS	0
2	NORTH	2	6	-1	STAIRS	1
2	NORTH	-2	6	-1	STAIRS	0
2	NORTH	1	7	-1	STAIRS	1
2	NORTH	-1	7	-1	STAIRS	0
2	NORTH	5	3	0	STAIRS	1
2	NORTH	-5	3	0	STAIRS	0
2	NORTH	0	7	0	PLANKS	-1
2	NORTH	4	4	0	STAIRS	1
2	NORTH	-4	4	0	STAIRS	0
2	NORTH	3	5	0	STAIRS	1
2	NORTH	-3	5	0	STAIRS	0
2	NORTH	2	6	0	STAIRS	1
2	NORTH	-2	6	0	STAIRS	0
2	NORTH	1	7	0	STAIRS	1
2	NORTH	-1	7	0	STAIRS	0
2	NORTH	5	3	1	STAIRS	1
2	NORTH	-5	3	1	STAIRS	0
2	NORTH	0	7	1	PLANKS	-1
2	NORTH	4	4	1	STAIRS	1
2	NORTH	-4	4	1	STAIRS	0
2	NORTH	3	5	1	STAIRS	1
2	NORTH	-3	5	1	STAIRS	0
2	NORTH	2	6	1	STAIRS	1
2	NORTH	-2	6	1	STAIRS	0
2	NORTH	1	7	1	STAIRS	1
2	NORTH	-1	7	1	STAIRS	0
2	NORTH	5	3	2	STAIRS	1
2	NORTH	-5	3	2	STAIRS	0
2	NORTH	0	7	2	PLANKS	-1
2	NORTH	4	4	2	STAIRS	1
2	NORTH	-4	4	2	STAIRS	0
2	NORTH	3	5	2	STAIRS	1
2	NORTH	-3	5	2	STAIRS	0
2	NORTH	2	6	2	STAIRS	1
2	NORTH	-2	6	2	STAIRS	0
2	NORTH	1	7	2	STAIRS	1
2	NORTH	-1	7	2	STAIRS	0
2	NORTH	5	3	3	STAIRS	1
2	NORTH	-5	3	3	STAIRS	0
2	NORTH	0	7	3	PLANKS	-1
2	NORTH	4	4	3	STAIRS	1
2	NORTH	-4	4	3	STAIRS	0
2	NORTH	3	5	3	STAIRS	1
2	NORTH	-3	5	3	STAIRS	0
2	NORTH	2	6	3	STAIRS	1
2	NORTH	-2	6	3	STAIRS	0
2	NORTH	1	7	3	STAIRS	1
2	NORTH	-1	7	3	STAIRS	0
2	NORTH	5	3	4	STAIRS	1
2	NORTH	-5	3	4	STAIRS	0
2	NORTH	0	7	4	PLANKS	-1
2	NORTH	4	4	4	STAIRS	1
2	NORTH	-4	4	4	STAIRS	0
2	NORTH	3	5	4	STAIRS	1
2	NORTH	-3	5	4	STAIRS	0
2	NORTH	2	6	4	STAIRS	1
2	NORTH	-2	6	4	STAIRS	0
2	NORTH	1	7	4	STAIRS	1
2	NORTH	-1	7	4	STAIRS	0
2	NORTH	5	3	5	STAIRS	1
2	NORTH	-5	3	5	STAIRS	0
2	NORTH	0	7	5	PLANKS	-1
2	NORTH	4	4	5	STAIRS	1
2	NORTH	-4	4	5	STAIRS	0
2	NORTH	3	5	5	STAIRS	1
2	NORTH	-3	5	5	STAIRS	0
2	NORTH	2	6	5	STAIRS	1
2	NORTH	-2	6	5	STAIRS	0
2	NORTH	1	7	5	STAIRS	1
2	NORTH	-1	7	5	STAIRS	0
2	NORTH	5	3	6	STAIRS	1
2	NORTH	-5	3	6	STAIRS	0
2	NORTH	0	7	6	PLANKS	-1
2	NORTH	4	4	6	STAIRS	1
2	NORTH	-4	4	6	STAIRS	0
2	NORTH	3	5	6	STAIRS	1
2	NORTH	-3	5	6	STAIRS	0
2	NORTH	2	6	6	STAIRS	1
2	NORTH	-2	6	6	STAIRS	0
2	NORTH	1	7	6	STAIRS	1
2	NORTH	-1	7	6	STAIRS	0
2	NORTH	5	3	7	STAIRS	1
2	NORTH	-5	3	7	STAIRS	0
2	NORTH	0	7	7	PLANKS	-1
2	NORTH	4	4	7	STAIRS	1
2	NORTH	-4	4	7	STAIRS	0
2	NORTH	3	5	7	STAIRS	1
2	NORTH	-3	5	7	STAIRS	0
2	NORTH	2	6	7	STAIRS	1
2	NORTH	-2	6	7	STAIRS	0
2	NORTH	1	7	7	STAIRS	1
2	NORTH	-1	7	7	STAIRS	0
2	NORTH	5	3	8	STAIRS	1
2	NORTH	-5	3	8	STAIRS	0
2	NORTH	0	7	8	PLANKS	-1
2	NORTH	4	4	8	STAIRS	1
2	NORTH	-4	4	8	STAIRS	0
2	NORTH	3	5	8	STAIRS	1
2	NORTH	-3	5	8	STAIRS	0
2	NORTH	2	6	8	STAIRS	1
2	NORTH	-2	6	8	STAIRS	0
2	NORTH	1	7	8	STAIRS	1
2	NORTH	-1	7	8	STAIRS	0
2	NORTH	5	3	9	STAIRS	1
2	NORTH	-5	3	9	STAIRS	0
2	NORTH	0	7	9	PLANKS	-1
2	NORTH	4	4	9	STAIRS	1
2	NORTH	-4	4	9	STAIRS	0
2	NORTH	3	5	9	STAIRS	1
2	NORTH	-3	5	9	STAIRS	0
2	NORTH	2	6	9	STAIRS	1
2	NORTH	-2	6	9	STAIRS	0
2	NORTH	1	7	9	STAIRS	1
2	NORTH	-1	7	9	STAIRS	0
2	NORTH	4	3	-1	STAIRS	4
2	NORTH	-4	3	-1	STAIRS	5
2	NORTH	3	4	-1	STAIRS	4
2	NORTH	2	5	-1	STAIRS	4
2	NORTH	1	6	-1	STAIRS	4
2	NORTH	-3	4	-1	STAIRS	5
2	NORTH	-2	5	-1	STAIRS	5
2	NORTH	-1	6	-1	STAIRS	5
2	NORTH	4	3	1	STAIRS	4
2	NORTH	-4	3	1	STAIRS	5
2	NORTH	3	4	1	STAIRS	4
2	NORTH	2	5	1	STAIRS	4
2	NORTH	1	6	1	STAIRS	4
2	NORTH	-3	4	1	STAIRS	5
2	NORTH	-2	5	1	STAIRS	5
2	NORTH	-1	6	1	STAIRS	5
2	NORTH	4	3	2	STAIRS	4
2	NORTH	-4	3	2	STAIRS	5
2	NORTH	3	4	2	STAIRS	4
2	NORTH	2	5	2	STAIRS	4
2	NORTH	1	6	2	STAIRS	4
2	NORTH	-3	4	2	STAIRS	5
2	NORTH	-2	5	2	STAIRS	5
2	NORTH	-1	6	2	STAIRS	5
2	NORTH	4	3	3	STAIRS	4
2	NORTH	-4	3	3	STAIRS	5
2	NORTH	3	4	3	STAIRS	4
2	NORTH	2	5	3	STAIRS	4
2	NORTH	1	6	3	STAIRS	4
2	NORTH	-3	4	3	STAIRS	5
2	NORTH	-2	5	3	STAIRS	5
2	NORTH	-1	6	3	STAIRS	5
2	NORTH	3	4	4	STAIRS	4
2	NORTH	2	5	4	STAIRS	4
2	NORTH	1	6	4	STAIRS	4
2	NORTH	-3	4	4	STAIRS	5
2	NORTH	-2	5	4	STAIRS	5
2	NORTH	-1	6	4	STAIRS	5
2	NORTH	4	3	5	STAIRS	4
2	NORTH	-4	3	5	STAIRS	5
2	NORTH	3	4	5	STAIRS	4
2	NORTH	2	5	5	STAIRS	4
2	NORTH	1	6	5	STAIRS	4
2	NORTH	-3	4	5	STAIRS	5
2	NORTH	-2	5	5	STAIRS	5
2	NORTH	-1	6	5	STAIRS	5
2	NORTH	4	3	6	STAIRS	4
2	NORTH	-4	3	6	STAIRS	5
2	NORTH	3	4	6	STAIRS	4
2	NORTH	2	5	6	STAIRS	4
2	NORTH	1	6	6	STAIRS	4
2	NORTH	-3	4	6	STAIRS	5
2	NORTH	-2	5	6	STAIRS	5
2	NORTH	-1	6	6	STAIRS	5
2	NORTH	4	3	7	STAIRS	4
2	NORTH	-4	3	7	STAIRS	5
2	NORTH	3	4	7	STAIRS	4
2	NORTH	2	5	7	STAIRS	4
2	NORTH	1	6	7	STAIRS	4
2	NORTH	-3	4	7	STAIRS	5
2	NORTH	-2	5	7	STAIRS	5
2	NORTH	-1	6	7	STAIRS	5
2	NORTH	4	3	9	STAIRS	4
2	NORTH	-4	3	9	STAIRS	5
2	NORTH	3	4	9	STAIRS	4
2	NORTH	2	5	9	STAIRS	4
2	NORTH	1	6	9	STAIRS	4
2	NORTH	-3	4	9	STAIRS	5
2	NORTH	-2	5	9	STAIRS	5
2	NORTH	-1	6	9	STAIRS	5
2	EAST	0	1	0	LOG	-1
2	EAST	0	2	0	LOG	-1
2	EAST	0	3	0	LOG	-1
2	EAST	0	4	0	LOG	-1
2	EAST	0	5	0	LOG	-1
2	EAST	0	6	0	LOG	-1
2	EAST	4	0	0	LOG	-1
2	EAST	-4	0	0	LOG	-1
2	EAST	4	1	0	LOG	-1
2	EAST	-4	1	0	LOG	-1
2	EAST	4	2	0	LOG	-1
2	EAST	-4	2	0	LOG	-1
2	EAST	4	3	0	LOG	-1
2	EAST	-4	3	0	LOG	-1
2	EAST	1	-1	0	PLANKS	-1
2	EAST	-1	-1	0	PLANKS	-1
2	EAST	2	-1	0	PLANKS	-1
2	EAST	-2	-1	0	PLANKS	-1
2	EAST	3	-1	0	PLANKS	-1
2	EAST	-3	-1	0	PLANKS	-1
2	EAST	1	0	0	GLASS	-1
2	EAST	-1	0	0	GLASS	-1
2	EAST	1	1	0	GLASS	-1
2	EAST	-1	1	0	GLASS	-1
2	EAST	1	2	0	GLASS	-1
2	EAST	-1	2	0	GLASS	-1
2	EAST	1	3	0	GLASS	-1
2	EAST	-1	3	0	GLASS	-1
2	EAST	1	4	0	GLASS	-1
2	EAST	-1	4	0	GLASS	-1
2	EAST	1	5	0	GLASS	-1
2	EAST	-1	5	0	GLASS	-1
2	EAST	2	0	0	GLASS	-1
2	EAST	-2	0	0	GLASS	-1
2	EAST	2	1	0	GLASS	-1
2	EAST	-2	1	0	GLASS	-1
2	EAST	2	2	0	GLASS	-1
2	EAST	-2	2	0	GLASS	-1
2	EAST	2	3	0	GLASS	-1
2	EAST	-2	3	0	GLASS	-1
2	EAST	2	4	0	GLASS	-1
2	EAST	-2	4	0	GLASS	-1
2	EAST	2	5	0	GLASS	-1
2	EAST	-2	5	0	GLASS	-1
2	EAST	3	0	0	GLASS	-1
2	EAST	-3	0	0	GLASS	-1
2	EAST	3	1	0	GLASS	-1
2	EAST	-3	1	0	GLASS	-1
2	EAST	3	2	0	GLASS	-1
2	EAST	-3	2	0	GLASS	-1
2	EAST	3	3	0	GLASS	-1
2	EAST	-3	3	0	GLASS	-1
2	EAST	3	4	0	GLASS	-1
2	EAST	-3	4	0	GLASS	-1
2	EAST	4	0	8	LOG	-1
2	EAST	-4	0	8	LOG	-1
2	EAST	4	1	8	LOG	-1
2	EAST	-4	1	8	LOG	-1
2	EAST	4	2	8	LOG	-1
2	EAST	-4	2	8	LOG	-1
2	EAST	4	3	8	LOG	-1
2	EAST	-4	3	8	LOG	-1
2	EAST	3	0	8	GLASS	-1
2	EAST	-3	0	8	GLASS	-1
2	EAST	2	0	8	GLASS	-1
2	EAST	-2	0	8	GLASS	-1
2	EAST	3	1	8	GLASS	-1
2	EAST	-3	1	8	GLASS	-1
2	EAST	2	1	8	GLASS	-1
2	EAST	-2	1	8	GLASS	-1
2	EAST	3	2	8	GLASS	-1
2	EAST	-3	2	8	GLASS	-1
2	EAST	2	2	8	GLASS	-1
2	EAST	-2	2	8	GLASS	-1
2	EAST	3	3	8	GLASS	-1
2	EAST	-3	3	8	GLASS	-1
2	EAST	2	3	8	GLASS	-1
2	EAST	-2	3	8	GLASS	-1
2	EAST	3	4	8	GLASS	-1
2	EAST	-3	4	8	GLASS	-1
2	EAST	2	4	8	GLASS	-1
2	EAST	-2	4	8	GLASS	-1
2	EAST	2	5	8	GLASS	-1
2	EAST	-2	5	8	GLASS	-1
2	EAST	1	0	8	PLANKS	-1
2	EAST	-1	0	8	PLANKS	-1
2	EAST	1	1	8	PLANKS	-1
2	EAST	-1	1	8	PLANKS	-1
2	EAST	1	2	8	PLANKS	-1
2	EAST	-1	2	8	PLANKS	-1
2	EAST	0	2	8	PLANKS	-1
2	EAST	1	3	8	GLASS	-1
2	EAST	-1	3	8	GLASS	-1
2	EAST	0	3	8	GLASS	-1
2	EAST	1	4	8	GLASS	-1
2	EAST	-1	4	8	GLASS	-1
2	EAST	0	4	8	GLASS	-1
2	EAST	1	5	8	GLASS	-1
2	EAST	-1	5	8	GLASS	-1
2	EAST	0	5	8	GLASS	-1
2	EAST	1	6	8	GLASS	-1
2	EAST	-1	6	8	GLASS	-1
2	EAST	0	6	8	GLASS	-1
2	EAST	2	-1	8	PLANKS	-1
2	EAST	-2	-1	8	PLANKS	-1
2	EAST	3	-1	8	PLANKS	-1
2	EAST	-3	-1	8	PLANKS	-1
2	EAST	4	0	1	PLANKS	-1
2	EAST	-4	0	1	PLANKS	-1
2	EAST	4	1	1	GLASS	-1
2	EAST	-4	1	1	GLASS	-1
2	EAST	4	2	1	GLASS	-1
2	EAST	-4	2	1	GLASS	-1
2	EAST	4	0	2	PLANKS	-1
2	EAST	-4	0	2	PLANKS	-1
2	EAST	4	1	2	GLASS	-1
2	EAST	-4	1	2	GLASS	-1
2	EAST	4	2	2	GLASS	-1
2	EAST	-4	2	2	GLASS	-1
2	EAST	4	0	3	PLANKS	-1
2	EAST	-4	0	3	PLANKS	-1
2	EAST	4	1	3	GLASS	-1
2	EAST	-4	1	3	GLASS	-1
2	EAST	4	2	3	GLASS	-1
2	EAST	-4	2	3	GLASS	-1
2	EAST	4	0	5	PLANKS	-1
2	EAST	-4	0	5	PLANKS	-1
2	EAST	4	1	5	GLASS	-1
2	EAST	-4	1	5	GLASS	-1
2	EAST	4	2	5	GLASS	-1
2	EAST	-4	2	5	GLASS	-1
2	EAST	4	0	6	PLANKS	-1
2	EAST	-4	0	6	PLANKS	-1
2	EAST	4	1	6	GLASS	-1
2	EAST	-4	1	6	GLASS	-1
2	EAST	4	2	6	GLASS	-1
2	EAST	-4	2	6	GLASS	-1
2	EAST	4	0	7	PLANKS	-1
2	EAST	-4	0	7	PLANKS	-1
2	EAST	4	1	7	GLASS	-1
2	EAST	-4	1	7	GLASS	-1
2	EAST	4	2	7	GLASS	-1
2	EAST	-4	2	7	GLASS	-1
2	EAST	4	0	4	LOG	-1
2	EAST	-4	0	4	LOG	-1
2	EAST	4	1	4	LOG	-1
2	EAST	-4	1	4	LOG	-1
2	EAST	4	2	4	LOG	-1
2	EAST	-4	2	4	LOG	-1
2	EAST	4	3	4	LOG	-1
2	EAST	-4	3	4	LOG	-1
2	EAST	1	6	0	PLANKS	-1
2	EAST	-1	6	0	PLANKS	-1
2	EAST	5	3	-1	STAIRS	3
2	EAST	-5	3	-1	STAIRS	2
2	EAST	0	7	-1	PLANKS	-1
2	EAST	4	4	-1	STAIRS	3
2	EAST	-4	4	-1	STAIRS	2
2	EAST	3	5	-1	STAIRS	3
2	EAST	-3	5	-1	STAIRS	2
2	EAST	2	6	-1	STAIRS	3
2	EAST	-2	6	-1	STAIRS	2
2	EAST	1	7	-1	STAIRS	3
2	EAST	-1	7	-1	STAIRS	2
2	EAST	5	3	0	STAIRS	3
2	EAST	-5	3	0	STAIRS	2
2	EAST	0	7	0	PLANKS	-1
2	EAST	4	4	0	STAIRS	3
2	EAST	-4	4	0	STAIRS	2
2	EAST	3	5	0	STAIRS	3
2	EAST	-3	5	0	STAIRS	2
2	EAST	2	6	0	STAIRS	3
2	EAST	-2	6	0	STAIRS	2
2	EAST	1	7	0	STAIRS	3
2	EAST	-1	7	0	STAIRS	2
2	EAST	5	3	1	STAIRS	3
2	EAST	-5	3	1	STAIRS	2
2	EAST	0	7	1	PLANKS	-1
2	EAST	4	4	1	STAIRS	3
2	EAST	-4	4	1	STAIRS	2
2	EAST	3	5	1	STAIRS	3
2	EAST	-3	5	1	STAIRS	2
2	EAST	2	6	1	STAIRS	3
2	EAST	-2	6	1	STAIRS	2
2	EAST	1	7	1	STAIRS	3
2	EAST	-1	7	1	STAIRS	2
2	EAST	5	3	2	STAIRS	3
2	EAST	-5	3	2	STAIRS	2
2	EAST	0	7	2	PLANKS	-1
2	EAST	4	4	2	STAIRS	3
2	EAST	-4	4	2	STAIRS	2
2	EAST	3	5	2	STAIRS	3
2	EAST	-3	5	2	STAIRS	2
2	EAST	2	6	2	STAIRS	3
2	EAST	-2	6	2	STAIRS	2
2	EAST	1	7	2	STAIRS	3
2	EAST	-1	7	2	STAIRS	2
2	EAST	5	3	3	STAIRS	3
2	EAST	-5	3	3	STAIRS	2
2	EAST	0	7	3	PLANKS	-1
2	EAST	4	4	3	STAIRS	3
2	EAST	-4	4	3	STAIRS	2
2	EAST	3	5	3	STAIRS	3
2	EAST	-3	5	3	STAIRS	2
2	EAST	2	6	3	STAIRS	3
2	EAST	-2	6	3	STAIRS	2
2	EAST	1	7	3	STAIRS	3
2	EAST	-1	7	3	STAIRS	2
2	EAST	5	3	4	STAIRS	3
2	EAST	-5	3	4	STAIRS	2
2	EAST	0	7	4	PLANKS	-1
2	EAST	4	4	4	STAIRS	3
2	EAST	-4	4	4	STAIRS	2
2	EAST	3	5	4	STAIRS	3
2	EAST	-3	5	4	STAIRS	2
2	EAST	2	6	4	STAIRS	3
2	EAST	-2	6	4	STAIRS	2
2	EAST	1	7	4	STAIRS	3
2	EAST	-1	7	4	STAIRS	2
2	EAST	5	3	5	STAIRS	3
2	EAST	-5	3	5	STAIRS	2
2	EAST	0	7	5	PLANKS	-1
2	EAST	4	4	5	STAIRS	3
2	EAST	-4	4	5	STAIRS	2
2	EAST	3	5	5	STAIRS	3
2	EAST	-3	5	5	STAIRS	2
2	EAST	2	6	5	STAIRS	3
2	EAST	-2	6	5	STAIRS	2
2	EAST	1	7	5	STAIRS	3
2	EAST	-1	7	5	STAIRS	2
2	EAST	5	3	6	STAIRS	3
2	EAST	-5	3	6	STAIRS	2
2	EAST	0	7	6	PLANKS	-1
2	EAST	4	4	6	STAIRS	3
2	EAST	-4	4	6	STAIRS	2
2	EAST	3	5	6	STAIRS	3
2	EAST	-3	5	6	STAIRS	2
2	EAST	2	6	6	STAIRS	3
2	EAST	-2	6	6	STAIRS	2
2	EAST	1	7	6	STAIRS	3
2	EAST	-1	7	6	STAIRS	2
2	EAST	5	3	7	STAIRS	3
2	EAST	-5	3	7	STAIRS	2
2	EAST	0	7	7	PLANKS	-1
2	EAST	4	4	7	STAIRS	3
2	EAST	-4	4	7	STAIRS	2
2	EAST	3	5	7	STAIRS	3
2	EAST	-3	5	7	STAIRS	2
2	EAST	2	6	7	STAIRS	3
2	EAST	-2	6	7	STAIRS	2
2	EAST	1	7	7	STAIRS	3
2	EAST	-1	7	7	STAIRS	2
2	EAST	5	3	8	STAIRS	3
2	EAST	-5	3	8	STAIRS	2
2	EAST	0	7	8	PLANKS	-1
2	EAST	4	4	8	STAIRS	3
2	EAST	-4	4	8	STAIRS	2
2	EAST	3	5	8	STAIRS	3
2	EAST	-3	5	8	STAIRS	2
2	EAST	2	6	8	STAIRS	3
2	EAST	-2	6	8	STAIRS	2
2	EAST	1	7	8	STAIRS	3
2	EAST	-1	7	8	STAIRS	2
2	EAST	5	3	9	STAIRS	3
2	EAST	-5	3	9	STAIRS	2
2	EAST	0	7	9	PLANKS	-1
2	EAST	4	4	9	STAIRS	3
2	EAST	-4	4	9	STAIRS	2
2	EAST	3	5	9	STAIRS	3
2	EAST	-3	5	9	STAIRS	2
2	EAST	2	6	9	STAIRS	3
2	EAST	-2	6	9	STAIRS	2
2	EAST	1	7	9	STAIRS	3
2	EAST	-1	7	9	STAIRS	2
2	EAST	4	3	-1	STAIRS	6
2	EAST	-4	3	-1	STAIRS	7
2	EAST	3	4	-1	STAIRS	6
2	EAST	2	5	-1	STAIRS	6
2	EAST	1	6	-1	STAIRS	6
2	EAST	-3	4	-1	STAIRS	7
2	EAST	-2	5	-1	STAIRS	7
2	EAST	-1	6	-1	STAIRS	7
2	EAST	4	3	1	STAIRS	6
2	EAST	-4	3	1	STAIRS	7
2	EAST	3	4	1	STAIRS	6
2	EAST	2	5	1	STAIRS	6
2	EAST	1	6	1	STAIRS	6
2	EAST	-3	4	1	STAIRS	7
2	EAST	-2	5	1	STAIRS	7
2	EAST	-1	6	1	STAIRS	7
2	EAST	4	3	2	STAIRS	6
2	EAST	-4	3	2	STAIRS	7
2	EAST	3	4	2	STAIRS	6
2	EAST	2	5	2	STAIRS	6
2	EAST	1	6	2	STAIRS	6
2	EAST	-3	4	2	STAIRS	7
2	EAST	-2	5	2	STAIRS	7
2	EAST	-1	6	2	STAIRS	7
2	EAST	4	3	3	STAIRS	6
2	EAST	-4	3	3	STAIRS	7
2	EAST	3	4	3	STAIRS	6
2	EAST	2	5	3	STAIRS	6
2	EAST	1	6	3	STAIRS	6
2	EAST	-3	4	3	STAIRS	7
2	EAST	-2	5	3	STAIRS	7
2	EAST	-1	6	3	STAIRS	7
2	EAST	3	4	4	STAIRS	6
2	EAST	2	5	4	STAIRS	6
2	EAST	1	6	4	STAIRS	6
2	EAST	-3	4	4	STAIRS	7
2	EAST	-2	5	4	STAIRS	7
2	EAST	-1	6	4	STAIRS	7
2	EAST	4	3	5	STAIRS	6
2	EAST	-4	3	5	STAIRS	7
2	EAST	3	4	5	STAIRS	6
2	EAST	2	5	5	STAIRS	6
2	EAST	1	6	5	STAIRS	6
2	EAST	-3	4	5	STAIRS	7
2	EAST	-2	5	5	STAIRS	7
2	EAST	-1	6	5	STAIRS	7
2	EAST	4	3	6	STAIRS	6
2	EAST	-4	3	6	STAIRS	7
2	EAST	3	4	6	STAIRS	6
2	EAST	2	5	6	STAIRS	6
2	EAST	1	6	6	STAIRS	6
2	EAST	-3	4	6	STAIRS	7
2	EAST	-2	5	6	STAIRS	7
2	EAST	-1	6	6	STAIRS	7
2	EAST	4	3	7	STAIRS	6
2	EAST	-4	3	7	STAIRS	7
2	EAST	3	4	7	STAIRS	6
2	EAST	2	5	7	STAIRS	6
2	EAST	1	6	7	STAIRS	6
2	EAST	-3	4	7	STAIRS	7
2	EAST	-2	5	7	STAIRS	7
2	EAST	-1	6	7	STAIRS	7
2	EAST	4	3	9	STAIRS	6
2	EAST	-4	3	9	STAIRS	7
2	EAST	3	4	9	STAIRS	6
2	EAST	2	5	9	STAIRS	6
2	EAST	1	6	9	STAIRS	6
2	EAST	-3	4	9	STAIRS	7
2	EAST	-2	5	9	STAIRS	7
2	EAST	-1	6	9	STAIRS	7
2	SOUTH	0	1	0	LOG	-1
2	SOUTH	0	2	0	LOG	-1
2	SOUTH	0	3	0	LOG	-1
2	SOUTH	0	4	0	LOG	-1
2	SOUTH	0	5	0	LOG	-1
2	SOUTH	0	6	0	LOG	-1
2	SOUTH	4	0	0	LOG	-1
2	SOUTH	-4	0	0	LOG	-1
2	SOUTH	4	1	0	LOG	-1
2	SOUTH	-4	1	0	LOG	-1
2	SOUTH	4	2	0	LOG	-1
2	SOUTH	-4	2	0	LOG	-1
2	SOUTH	4	3	0	LOG	-1
2	SOUTH	-4	3	0	LOG	-1
2	SOUTH	1	-1	0	PLANKS	-1
2	SOUTH	-1	-1	0	PLANKS	-1
2	SOUTH	2	-1	0	PLANKS	-1
2	SOUTH	-2	-1	0	PLANKS	-1
2	SOUTH	3	-1	0	PLANKS	-1
2	SOUTH	-3	-1	0	PLANKS	-1
2	SOUTH	1	0	0	GLASS	-1
2	SOUTH	-1	0	0	GLASS	-1
2	SOUTH	1	1	0	GLASS	-1
2	SOUTH	-1	1	0	GLASS	-1
2	SOUTH	1	2	0	GLASS	-1
2	SOUTH	-1	2	0	GLASS	-1
2	SOUTH	1	3	0	GLASS	-1
2	SOUTH	-1	3	0	GLASS	-1
2	SOUTH	1	4	0	GLASS	-1
2	SOUTH	-1	4	0	GLASS	-1
2	SOUTH	1	5	0	GLASS	-1
2	SOUTH	-1	5	0	GLASS	-1
2	SOUTH	2	0	0	GLASS	-1
2	SOUTH	-2	0	0	GLASS	-1
2	SOUTH	2	1	0	GLASS	-1
2	SOUTH	-2	1	0	GLASS	-1
2	SOUTH	2	2	0	GLASS	-1
2	SOUTH	-2	2	0	GLASS	-1
2	SOUTH	2	3	0	GLASS	-1
2	SOUTH	-2	3	0	GLASS	-1
2	SOUTH	2	4	0	GLASS	-1
2	SOUTH	-2	4	0	GLASS	-1
2	SOUTH	2	5	0	GLASS	-1
2	SOUTH	-2	5	0	GLASS	-1
2	SOUTH	3	0	0	GLASS	-1
2	SOUTH	-3	0	0	GLASS	-1
2	SOUTH	3	1	0	GLASS	-1
2	SOUTH	-3	1	0	GLASS	-1
2	SOUTH	3	2	0	GLASS	-1
2	SOUTH	-3	2	0	GLASS	-1
2	SOUTH	3	3	0	GLASS	-1
2	SOUTH	-3	3	0	GLASS	-1
2	SOUTH	3	4	0	GLASS	-1
2	SOUTH	-3	4	0	GLASS	-1
2	SOUTH	4	0	8	LOG	-1
2	SOUTH	-4	0	8	LOG	-1
2	SOUTH	4	1	8	LOG	-1
2	SOUTH	-4	1	8	LOG	-1
2	SOUTH	4	2	8	LOG	-1
2	SOUTH	-4	2	8	LOG	-1
2	SOUTH	4	3	8	LOG	-1
2	SOUTH	-4	3	8	LOG	-1
2	SOUTH	3	0	8	GLASS	-1
2	SOUTH	-3	0	8	GLASS	-1
2	SOUTH	2	0	8	GLASS	-1
2	SOUTH	-2	0	8	GLASS	-1
2	SOUTH	3	1	8	GLASS	-1
2	SOUTH	-3	1	8	GLASS	-1
2	SOUTH	2	1	8	GLASS	-1
2	SOUTH	-2	1	8	GLASS	-1
2	SOUTH	3	2	8	GLASS	-1
2	SOUTH	-3	2	8	GLASS	-1
2	SOUTH	2	2	8	GLASS	-1
2	SOUTH	-2	2	8	GLASS	-1
2	SOUTH	3	3	8	GLASS	-1
2	SOUTH	-3	3	8	GLASS	-1
2	SOUTH	2	3	8	GLASS	-1
2	SOUTH	-2	3	8	GLASS	-1
2	SOUTH	3	4	8	GLASS	-1
2	SOUTH	-3	4	8	GLASS	-1
2	SOUTH	2	4	8	GLASS	-1
2	SOUTH	-2	4	8	GLASS	-1
2	SOUTH	2	5	8	GLASS	-1
2	SOUTH	-2	5	8	GLASS	-1
2	SOUTH	1	0	8	PLANKS	-1
2	SOUTH	-1	0	8	PLANKS	-1
2	SOUTH	1	1	8	PLANKS	-1
2	SOUTH	-1	1	8	PLANKS	-1
2	SOUTH	1	2	8	PLANKS	-1
2	SOUTH	-1	2	8	PLANKS	-1
2	SOUTH	0	2	8	PLANKS	-1
2	SOUTH	1	3	8	GLASS	-1
2	SOUTH	-1	3	8	GLASS	-1
2	SOUTH	0	3	8	GLASS	-1
2	SOUTH	1	4	8	GLASS	-1
2	SOUTH	-1	4	8	GLASS	-1
2	SOUTH	0	4	8	GLASS	-1
2	SOUTH	1	5	8	GLASS	-1
2	SOUTH	-1	5	8	GLASS	-1
2	SOUTH	0	5	8	GLASS	-1
2	SOUTH	1	6	8	GLASS	-1
2	SOUTH	-1	6	8	GLASS	-1
2	SOUTH	0	6	8	GLASS	-1
2	SOUTH	2	-1	8	PLANKS	-1
2	SOUTH	-2	-1	8	PLANKS	-1
2	SOUTH	3	-1	8	PLANKS	-1
2	SOUTH	-3	-1	8	PLANKS	-1
2	SOUTH	4	0	1	PLANKS	-1
2	SOUTH	-4	0	1	PLANKS	-1
2	SOUTH	4	1	1	GLASS	-1
2	SOUTH	-4	1	1	GLASS	-1
2	SOUTH	4	2	1	GLASS	-1
2	SOUTH	-4	2	1	GLASS	-1
2	SOUTH	4	0	2	PLANKS	-1
2	SOUTH	-4	0	2	PLANKS	-1
2	SOUTH	4	1	2	GLASS	-1
2	SOUTH	-4	1	2	GLASS	-1
2	SOUTH	4	2	2	GLASS	-1
2	SOUTH	-4	2	2	GLASS	-1
2	SOUTH	4	0	3	PLANKS	-1
2	SOUTH	-4	0	3	PLANKS	-1
2	SOUTH	4	1	3	GLASS	-1
2	SOUTH	-4	1	3	GLASS	-1
2	SOUTH	4	2	3	GLASS	-1
2	SOUTH	-4	2	3	GLASS	-1
2	SOUTH	4	0	5	PLANKS	-1
2	SOUTH	-4	0	5	PLANKS	-1
2	SOUTH	4	1	5	GLASS	-1
2	SOUTH	-4	1	5	GLASS	-1
2	SOUTH	4	2	5	GLASS	-1
2	SOUTH	-4	2	5	GLASS	-1
2	SOUTH	4	0	6	PLANKS	-1
2	SOUTH	-4	0	6	PLANKS	-1
2	SOUTH	4	1	6	GLASS	-1
2	SOUTH	-4	1	6	GLASS	-1
2	SOUTH	4	2	6	GLASS	-1
2	SOUTH	-4	2	6	GLASS	-1
2	SOUTH	4	0	7	PLANKS	-1
2	SOUTH	-4	0	7	PLANKS	-1
2	SOUTH	4	1	7	GLASS	-1
2	SOUTH	-4	1	7	GLASS	-1
2	SOUTH	4	2	7	GLASS	-1
2	SOUTH	-4	2	7	GLASS	-1
2	SOUTH	4	0	4	LOG	-1
2	SOUTH	-4	0	4	LOG	-1
2	SOUTH	4	1	4	LOG	-1
2	SOUTH	-4	1	4	LOG	-1
2	SOUTH	4	2	4	LOG	-1
2	SOUTH	-4	2	4	LOG	-1
2	SOUTH	4	3	4	LOG	-1
2	SOUTH	-4	3	4	LOG	-1
2	SOUTH	1	6	0	PLANKS	-1
2	SOUTH	-1	6	0	PLANKS	-1
2	SOUTH	5	3	-1	STAIRS	0
2	SOUTH	-5	3	-1	STAIRS	1
2	SOUTH	0	7	-1	PLANKS	-1
2	SOUTH	4	4	-1	STAIRS	0
2	SOUTH	-4	4	-1	STAIRS	1
2	SOUTH	3	5	-1	STAIRS	0
2	SOUTH	-3	5	-1	STAIRS	1
2	SOUTH	2	6	-1	STAIRS	0
2	SOUTH	-2	6	-1	STAIRS	1
2	SOUTH	1	7	-1	STAIRS	0
2	SOUTH	-1	7	-1	STAIRS	1
2	SOUTH	5	3	0	STAIRS	0
2	SOUTH	-5	3	0	STAIRS	1
2	SOUTH	0	7	0	PLANKS	-1
2	SOUTH	4	4	0	STAIRS	0
2	SOUTH	-4	4	0	STAIRS	1
2	SOUTH	3	5	0	STAIRS	0
2	SOUTH	-3	5	0	STAIRS	1
2	SOUTH	2	6	0	STAIRS	0
2	SOUTH	-2	6	0	STAIRS	1
2	SOUTH	1	7	0	STAIRS	0
2	SOUTH	-1	7	0	STAIRS	1
2	SOUTH	5	3	1	STAIRS	0
2	SOUTH	-5	3	1	STAIRS	1
2	SOUTH	0	7	1	PLANKS	-1
2	SOUTH	4	4	1	STAIRS	0
2	SOUTH	-4	4	1	STAIRS	1
2	SOUTH	3	5	1	STAIRS	0
2	SOUTH	-3	5	1	STAIRS	1
2	SOUTH	2	6	1	STAIRS	0
2	SOUTH	-2	6	1	STAIRS	1
2	SOUTH	1	7	1	STAIRS	0
2	SOUTH	-1	7	1	STAIRS	1
2	SOUTH	5	3	2	STAIRS	0
2	SOUTH	-5	3	2	STAIRS	1
2	SOUTH	0	7	2	PLANKS	-1
2	SOUTH	4	4	2	STAIRS	0
2	SOUTH	-4	4	2	STAIRS	1
2	SOUTH	3	5	2	STAIRS	0
2	SOUTH	-3	5	2	STAIRS	1
2	SOUTH	2	6	2	STAIRS	0
2	SOUTH	-2	6	2	STAIRS	1
2	SOUTH	1	7	2	STAIRS	0
2	SOUTH	-1	7	2	STAIRS	1
2	SOUTH	5	3	3	STAIRS	0
2	SOUTH	-5	3	3	STAIRS	1
2	SOUTH	0	7	3	PLANKS	-1
2	SOUTH	4	4	3	STAIRS	0
2	SOUTH	-4	4	3	STAIRS	1
2	SOUTH	3	5	3	STAIRS	0
2	SOUTH	-3	5	3	STAIRS	1
2	SOUTH	2	6	3	STAIRS	0
2	SOUTH	-2	6	3	STAIRS	1
2	SOUTH	1	7	3	STAIRS	0
2	SOUTH	-1	7	3	STAIRS	1
2	SOUTH	5	3	4	STAIRS	0
2	SOUTH	-5	3	4	STAIRS	1
2	SOUTH	0	7	4	PLANKS	-1
2	SOUTH	4	4	4	STAIRS	0
2	SOUTH	-4	4	4	STAIRS	1
2	SOUTH	3	5	4	STAIRS	0
2	SOUTH	-3	5	4	STAIRS	1
2	SOUTH	2	6	4	STAIRS	0
2	SOUTH	-2	6	4	STAIRS	1
2	SOUTH	1	7	4	STAIRS	0
2	SOUTH	-1	7	4	STAIRS	1
2	SOUTH	5	3	5	STAIRS	0
2	SOUTH	-5	3	5	STAIRS	1
2	SOUTH	0	7	5	PLANKS	-1
2	SOUTH	4	4	5	STAIRS	0
2	SOUTH	-4	4	5	STAIRS	1
2	SOUTH	3	5	5	STAIRS	0
2	SOUTH	-3	5	5	STAIRS	1
2	SOUTH	2	6	5	STAIRS	0
2	SOUTH	-2	6	5	STAIRS	1
2	SOUTH	1	7	5	STAIRS	0
2	SOUTH	-1	7	5	STAIRS	1
2	SOUTH	5	3	6	STAIRS	0
2	SOUTH	-5	3	6	STAIRS	1
2	SOUTH	0	7	6	PLANKS	-1
2	SOUTH	4	4	6	STAIRS	0
2	SOUTH	-4	4	6	STAIRS	1
2	SOUTH	3	5	6	STAIRS	0
2	SOUTH	-3	5	6	STAIRS	1
2	SOUTH	2	6	6	STAIRS	0
2	SOUTH	-2	6	6	STAIRS	1
2	SOUTH	1	7	6	STAIRS	0
2	SOUTH	-1	7	6	STAIRS	1
2	SOUTH	5	3	7	STAIRS	0
2	SOUTH	-5	3	7	STAIRS	1
2	SOUTH	0	7	7	PLANKS	-1
2	SOUTH	4	4	7	STAIRS	0
2	SOUTH	-4	4	7	STAIRS	1
2	SOUTH	3	5	7	STAIRS	0
2	SOUTH	-3	5	7	STAIRS	1
2	SOUTH	2	6	7	STAIRS	0
2	SOUTH	-2	6	7	STAIRS	1
2	SOUTH	1	7	7	STAIRS	0
2	SOUTH	-1	7	7	STAIRS	1
2	SOUTH	5	3	8	STAIRS	0
2	SOUTH	-5	3	8	STAIRS	1
2	SOUTH	0	7	8	PLANKS	-1
2	SOUTH	4	4	8	STAIRS	0
2	SOUTH	-4	4	8	STAIRS	1
2	SOUTH	3	5	8	STAIRS	0
2	SOUTH	-3	5	8	STAIRS	1
2	SOUTH	2	6	8	STAIRS	0
2	SOUTH	-2	6	8	STAIRS	1
2	SOUTH	1	7	8	STAIRS	0
2	SOUTH	-1	7	8	STAIRS	1
2	SOUTH	5	3	9	STAIRS	0
2	SOUTH	-5	3	9	STAIRS	1
2	SOUTH	0	7	9	PLANKS	-1
2	SOUTH	4	4	9	STAIRS	0
2	SOUTH	-4	4	9	STAIRS	1
2	SOUTH	3	5	9	STAIRS	0
2	SOUTH	-3	5	9	STAIRS	1
2	SOUTH	2	6	9	STAIRS	0
2	SOUTH	-2	6	9	STAIRS	1
2	SOUTH	1	7	9	STAIRS	0
2	SOUTH	-1	7	9	STAIRS	1
2	SOUTH	4	3	-1	STAIRS	5
2	SOUTH	-4	3	-1	STAIRS	4
2	SOUTH	3	4	-1	STAIRS	5
2	SOUTH	2	5	-1	STAIRS	5
2	SOUTH	1	6	-1	STAIRS	5
2	SOUTH	-3	4	-1	STAIRS	4
2	SOUTH	-2	5	-1	STAIRS	4
2	SOUTH	-1	6	-1	STAIRS	4
2	SOUTH	4	3	1	STAIRS	5
2	SOUTH	-4	3	1	STAIRS	4
2	SOUTH	3	4	1	STAIRS	5
2	SOUTH	2	5	1	STAIRS	5
2	SOUTH	1	6	1	STAIRS	5
2	SOUTH	-3	4	1	STAIRS	4
2	SOUTH	-2	5	1	STAIRS	4
2	SOUTH	-1	6	1	STAIRS	4
2	SOUTH	4	3	2	STAIRS	5
2	SOUTH	-4	3	2	STAIRS	4
2	SOUTH	3	4	2	STAIRS	5
2	SOUTH	2	5	2	STAIRS	5
2	SOUTH	1	6	2	STAIRS	5
2	SOUTH	-3	4	2	STAIRS	4
2	SOUTH	-2	5	2	STAIRS	4
2	SOUTH	-1	6	2	STAIRS	4
2	SOUTH	4	3	3	STAIRS	5
2	SOUTH	-4	3	3	STAIRS	4
2	SOUTH	3	4	3	STAIRS	5
2	SOUTH	2	5	3	STAIRS	5
2	SOUTH	1	6	3	STAIRS	5
2	SOUTH	-3	4	3	STAIRS	4
2	SOUTH	-2	5	3	STAIRS	4
2	SOUTH	-1	6	3	STAIRS	4
2	SOUTH	3	4	4	STAIRS	5
2	SOUTH	2	5	4	STAIRS	5
2	SOUTH	1	6	4	STAIRS	5
2	SOUTH	-3	4	4	STAIRS	4
2	SOUTH	-2	5	4	STAIRS	4
2	SOUTH	-1	6	4	STAIRS	4
2	SOUTH	4	3	5	STAIRS	5
2	SOUTH	-4	3	5	STAIRS	4
2	SOUTH	3	4	5	STAIRS	5
2	SOUTH	2	5	5	STAIRS	5
2	SOUTH	1	6	5	STAIRS	5
2	SOUTH	-3	4	5	STAIRS	4
2	SOUTH	-2	5	5	STAIRS	4
2	SOUTH	-1	6	5	STAIRS	4
2	SOUTH	4	3	6	STAIRS	5
2	SOUTH	-4	3	6	STAIRS	4
2	SOUTH	3	4	6	STAIRS	5
2	SOUTH	2	5	6	STAIRS	5
2	SOUTH	1	6	6	STAIRS	5
2	SOUTH	-3	4	6	STAIRS	4
2	SOUTH	-2	5	6	STAIRS	4
2	SOUTH	-1	6	6	STAIRS	4
2	SOUTH	4	3	7	STAIRS	5
2	SOUTH	-4	3	7	STAIRS	4
2	SOUTH	3	4	7	STAIRS	5
2	SOUTH	2	5	7	STAIRS	5
2	SOUTH	1	6	7	STAIRS	5
2	SOUTH	-3	4	7	STAIRS	4
2	SOUTH	-2	5	7	STAIRS	4
2	SOUTH	-1	6	7	STAIRS	4
2	SOUTH	4	3	9	STAIRS	5
2	SOUTH	-4	3	9	STAIRS	4
2	SOUTH	3	4	9	STAIRS	5
2	SOUTH	2	5	9	STAIRS	5
2	SOUTH	1	6	9	STAIRS	5
2	SOUTH	-3	4	9	STAIRS	4
2	SOUTH	-2	5	9	STAIRS	4
2	SOUTH	-1	6	9	STAIRS	4
2	WEST	0	1	0	LOG	-1
2	WEST	0	2	0	LOG	-1
2	WEST	0	3	0	LOG	-1
2	WEST	0	4	0	LOG	-1
2	WEST	0	5	0	LOG	-1
2	WEST	0	6	0	LOG	-1
2	WEST	4	0	0	LOG	-1
2	WEST	-4	0	0	LOG	-1
2	WEST	4	1	0	LOG	-1
2	WEST	-4	1	0	LOG	-1
2	WEST	4	2	0	LOG	-1
2	WEST	-4	2	0	LOG	-1
2	WEST	4	3	0	LOG	-1
2	WEST	-4	3	0	LOG	-1
2	WEST	1	-1	0	PLANKS	-1
2	WEST	-1	-1	0	PLANKS	-1
2	WEST	2	-1	0	PLANKS	-1
2	WEST	-2	-1	0	PLANKS	-1
2	WEST	3	-1	0	PLANKS	-1
2	WEST	-3	-1	0	PLANKS	-1
2	WEST	1	0	0	GLASS	-1
2	WEST	-1	0	0	GLASS	-1
2	WEST	1	1	0	GLASS	-1
2	WEST	-1	1	0	GLASS	-1
2	WEST	1	2	0	GLASS	-1
2	WEST	-1	2	0	GLASS	-1
2	WEST	1	3	0	GLASS	-1
2	WEST	-1	3	0	GLASS	-1
2	WEST	1	4	0	GLASS	-1
2	WEST	-1	4	0	GLASS	-1
2	WEST	1	5	0	GLASS	-1
2	WEST	-1	5	0	GLASS	-1
2	WEST	2	0	0	GLASS	-1
2	WEST	-2	0	0	GLASS	-1
2	WEST	2	1	0	GLASS	-1
2	WEST	-2	1	0	GLASS	-1
2	WEST	2	2	0	GLASS	-1
2	WEST	-2	2	0	GLASS	-1
2	WEST	2	3	0	GLASS	-1
2	WEST	-2	3	0	GLASS	-1
2	WEST	2	4	0	GLASS	-1
2	WEST	-2	4	0	GLASS	-1
2	WEST	2	5	0	GLASS	-1
2	WEST	-2	5	0	GLASS	-1
2	WEST	3	0	0	GLASS	-1
2	WEST	-3	0	0	GLASS	-1
2	WEST	3	1	0	GLASS	-1
2	WEST	-3	1	0	GLASS	-1
2	WEST	3	2	0	GLASS	-1
2	WEST	-3	2	0	GLASS	-1
2	WEST	3	3	0	GLASS	-1
2	WEST	-3	3	0	GLASS	-1
2	WEST	3	4	0	GLASS	-1
2	WEST	-3	4	0	GLASS	-1
2	WEST	4	0	8	LOG	-1
2	WEST	-4	0	8	LOG	-1
2	WEST	4	1	8	LOG	-1
2	WEST	-4	1	8	LOG	-1
2	WEST	4	2	8	LOG	-1
2	WEST	-4	2	8	LOG	-1
2	WEST	4	3	8	LOG	-1
2	WEST	-4	3	8	LOG	-1
2	WEST	3	0	8	GLASS	-1
2	WEST	-3	0	8	GLASS	-1
2	WEST	2	0	8	GLASS	-1
2	WEST	-2	0	8	GLASS	-1
2	WEST	3	1	8	GLASS	-1
2	WEST	-3	1	8	GLASS	-1
2	WEST	2	1	8	GLASS	-1
2	WEST	-2	1	8	GLASS	-1
2	WEST	3	2	8	GLASS	-1
2	WEST	-3	2	8	GLASS	-1
2	WEST	2	2	8	GLASS	-1
2	WEST	-2	2	8	GLASS	-1
2	WEST	3	3	8	GLASS	-1
2	WEST	-3	3	8	GLASS	-1
2	WEST	2	3	8	GLASS	-1
2	WEST	-2	3	8	GLASS	-1
2	WEST	3	4	8	GLASS	-1
2	WEST	-3	4	8	GLASS	-1
2	WEST	2	4	8	GLASS	-1
2	WEST	-2	4	8	GLASS	-1
2	WEST	2	5	8	GLASS	-1
2	WEST	-2	5	8	GLASS	-1
2	WEST	1	0	8	PLANKS	-1
2	WEST	-1	0	8	PLANKS	-1
2	WEST	1	1	8	PLANKS	-1
2	WEST	-1	1	8	PLANKS	-1
2	WEST	1	2	8	PLANKS	-1
2	WEST	-1	2	8	PLANKS	-1
2	WEST	0	2	8	PLANKS	-1
2	WEST	1	3	8	GLASS	-1
2	WEST	-1	3	8	GLASS	-1
2	WEST	0	3	8	GLASS	-1
2	WEST	1	4	8	GLASS	-1
2	WEST	-1	4	8	GLASS	-1
2	WEST	0	4	8	GLASS	-1
2	WEST	1	5	8	GLASS	-1
2	WEST	-1	5	8	GLASS	-1
2	WEST	0	5	8	GLASS	-1
2	WEST	1	6	8	GLASS	-1
2	WEST	-1	6	8	GLASS	-1
2	WEST	0	6	8	GLASS	-1
2	WEST	2	-1	8	PLANKS	-1
2	WEST	-2	-1	8	PLANKS	-1
2	WEST	3	-1	8	PLANKS	-1
2	WEST	-3	-1	8	PLANKS	-1
2	WEST	4	0	1	PLANKS	-1
2	WEST	-4	0	1	PLANKS	-1
2	WEST	4	1	1	GLASS	-1
2	WEST	-4	1	1	GLASS	-1
2	WEST	4	2	1	GLASS	-1
2	WEST	-4	2	1	GLASS	-1
2	WEST	4	0	2	PLANKS	-1
2	WEST	-4	0	2	PLANKS	-1
2	WEST	4	1	2	GLASS	-1
2	WEST	-4	1	2	GLASS	-1
2	WEST	4	2	2	GLASS	-1
2	WEST	-4	2	2	GLASS	-1
2	WEST	4	0	3	PLANKS	-1
2	WEST	-4	0	3	PLANKS	-1
2	WEST	4	1	3	GLASS	-1
2	WEST	-4	1	3	GLASS	-1
2	WEST	4	2	3	GLASS	-1
2	WEST	-4	2	3	GLASS	-1
2	WEST	4	0	5	PLANKS	-1
2	WEST	-4	0	5	PLANKS	-1
2	WEST	4	1	5	GLASS	-1
2	WEST	-4	1	5	GLASS	-1
2	WEST	4	2	5	GLASS	-1
2	WEST	-4	2	5	GLASS	-1
2	WEST	4	0	6	PLANKS	-1
2	WEST	-4	0	6	PLANKS	-1
2	WEST	4	1	6	GLASS	-1
2	WEST	-4	1	6	GLASS	-1
2	WEST	4	2	6	GLASS	-1
2	WEST	-4	2	6	GLASS	-1
2	WEST	4	0	7	PLANKS	-1
2	WEST	-4	0	7	PLANKS	-1
2	WEST	4	1	7	GLASS	-1
2	WEST	-4	1	7	GLASS	-1
2	WEST	4	2	7	GLASS	-1
2	WEST	-4	2	7	GLASS	-1
2	WEST	4	0	4	LOG	-1
2	WEST	-4	0	4	LOG	-1
2	WEST	4	1	4	LOG	-1
2	WEST	-4	1	4	LOG	-1
2	WEST	4	2	4	LOG	-1
2	WEST	-4	2	4	LOG	-1
2	WEST	4	3	4	LOG	-1
2	WEST	-4	3	4	LOG	-1
2	WEST	1	6	0	PLANKS	-1
2	WEST	-1	6	0	PLANKS	-1
2	WEST	5	3	-1	STAIRS	2
2	WEST	-5	3	-1	STAIRS	3
2	WEST	0	7	-1	PLANKS	-1
2	WEST	4	4	-1	STAIRS	2
2	WEST	-4	4	-1	STAIRS	3
2	WEST	3	5	-1	STAIRS	2
2	WEST	-3	5	-1	STAIRS	3
2	WEST	2	6	-1	STAIRS	2
2	WEST	-2	6	-1	STAIRS	3
2	WEST	1	7	-1	STAIRS	2
2	WEST	-1	7	-1	STAIRS	3
2	WEST	5	3	0	STAIRS	2
2	WEST	-5	3	0	STAIRS	3
2	WEST	0	7	0	PLANKS	-1
2	WEST	4	4	0	STAIRS	2
2	WEST	-4	4	0	STAIRS	3
2	WEST	3	5	0	STAIRS	2
2	WEST	-3	5	0	STAIRS	3
2	WEST	2	6	0	STAIRS	2
2	WEST	-2	6	0	STAIRS	3
2	WEST	1	7	0	STAIRS	2
2	WEST	-1	7	0	STAIRS	3
2	WEST	5	3	1	STAIRS	2
2	WEST	-5	3	1	STAIRS	3
2	WEST	0	7	1	PLANKS	-1
2	WEST	4	4	1	STAIRS	2
2	WEST	-4	4	1	STAIRS	3
2	WEST	3	5	1	STAIRS	2
2	WEST	-3	5	1	STAIRS	3
2	WEST	2	6	1	STAIRS	2
2	WEST	-2	6	1	STAIRS	3
2	WEST	1	7	1	STAIRS	2
2	WEST	-1	7	1	STAIRS	3
2	WEST	5	3	2	STAIRS	2
2	WEST	-5	3	2	STAIRS	3
2	WEST	0	7	2	PLANKS	-1
2	WEST	4	4	2	STAIRS	2
2	WEST	-4	4	2	STAIRS	3
2	WEST	3	5	2	STAIRS	2
2	WEST	-3	5	2	STAIRS	3
2	WEST	2	6	2	STAIRS	2
2	WEST	-2	6	2	STAIRS	3
2	WEST	1	7	2	STAIRS	2
2	WEST	-1	7	2	STAIRS	3
2	WEST	5	3	3	STAIRS	2
2	WEST	-5	3	3	STAIRS	3
2	WEST	0	7	3	PLANKS	-1
2	WEST	4	4	3	STAIRS	2
2	WEST	-4	4	3	STAIRS	3
2	WEST	3	5	3	STAIRS	2
2	WEST	-3	5	3	STAIRS	3
2	WEST	2	6	3	STAIRS	2
2	WEST	-2	6	3	STAIRS	3
2	WEST	1	7	3	STAIRS	2
2	WEST	-1	7	3	STAIRS	3
2	WEST	5	3	4	STAIRS	2
2	WEST	-5	3	4	STAIRS	3
2	WEST	0	7	4	PLANKS	-1
2	WEST	4	4	4	STAIRS	2
2	WEST	-4	4	4	STAIRS	3
2	WEST	3	5	4	STAIRS	2
2	WEST	-3	5	4	STAIRS	3
2	WEST	2	6	4	STAIRS	2
2	WEST	-2	6	4	STAIRS	3
2	WEST	1	7	4	STAIRS	2
2	WEST	-1	7	4	STAIRS	3
2	WEST	5	3	5	STAIRS	2
2	WEST	-5	3	5	STAIRS	3
2	WEST	0	7	5	PLANKS	-1
2	WEST	4	4	5	STAIRS	2
2	WEST	-4	4	5	STAIRS	3
2	WEST	3	5	5	STAIRS	2
2	WEST	-3	5	5	STAIRS	3
2	WEST	2	6	5	STAIRS	2
2	WEST	-2	6	5	STAIRS	3
2	WEST	1	7	5	STAIRS	2
2	WEST	-1	7	5	STAIRS	3
2	WEST	5	3	6	STAIRS	2
2	WEST	-5	3	6	STAIRS	3
2	WEST	0	7	6	PLANKS	-1
2	WEST	4	4	6	STAIRS	2
2	WEST	-4	4	6	STAIRS	3
2	WEST	3	5	6	STAIRS	2
2	WEST	-3	5	6	STAIRS	3
2	WEST	2	6	6	STAIRS	2
2	WEST	-2	6	6	STAIRS	3
2	WEST	1	7	6	STAIRS	2
2	WEST	-1	7	6	STAIRS	3
2	WEST	5	3	7	STAIRS	2
2	WEST	-5	3	7	STAIRS	3
2	WEST	0	7	7	PLANKS	-1
2	WEST	4	4	7	STAIRS	2
2	WEST	-4	4	7	STAIRS	3
2	WEST	3	5	7	STAIRS	2
2	WEST	-3	5	7	STAIRS	3
2	WEST	2	6	7	STAIRS	2
2	WEST	-2	6	7	STAIRS	3
2	WEST	1	7	7	STAIRS	2
2	WEST	-1	7	7	STAIRS	3
2	WEST	5	3	8	STAIRS	2
2	WEST	-5	3	8	STAIRS	3
2	WEST	0	7	8	PLANKS	-1
2	WEST	4	4	8	STAIRS	2
2	WEST	-4	4	8	STAIRS	3
2	WEST	3	5	8	STAIRS	2
2	WEST	-3	5	8	STAIRS	3
2	WEST	2	6	8	STAIRS	2
2	WEST	-2	6	8	STAIRS	3
2	WEST	1	7	8	STAIRS	2
2	WEST	-1	7	8	STAIRS	3
2	WEST	5	3	9	STAIRS	2
2	WEST	-5	3	9	STAIRS	3
2	WEST	0	7	9	PLANKS	-1
2	WEST	4	4	9	STAIRS	2
2	WEST	-4	4	9	STAIRS	3
2	WEST	3	5	9	STAIRS	2
2	WEST	-3	5	9	STAIRS	3
2	WEST	2	6	9	STAIRS	2
2	WEST	-2	6	9	STAIRS	3
2	WEST	1	7	9	STAIRS	2
2	WEST	-1	7	9	STAIRS	3
2	WEST	4	3	-1	STAIRS	7
2	WEST	-4	3	-1	STAIRS	6
2	WEST	3	4	-1	STAIRS	7
2	WEST	2	5	-1	STAIRS	7
2	WEST	1	6	-1	STAIRS	7
2	WEST	-3	4	-1	STAIRS	6
2	WEST	-2	5	-1	STAIRS	6
2	WEST	-1	6	-1	STAIRS	6
2	WEST	4	3	1	STAIRS	7
2	WEST	-4	3	1	STAIRS	6
2	WEST	3	4	1	STAIRS	7
2	WEST	2	5	1	STAIRS	7
2	WEST	1	6	1	STAIRS	7
2	WEST	-3	4	1	STAIRS	6
2	WEST	-2	5	1	STAIRS	6
2	WEST	-1	6	1	STAIRS	6
2	WEST	4	3	2	STAIRS	7
2	WEST	-4	3	2	STAIRS	6
2	WEST	3	4	2	STAIRS	7
2	WEST	2	5	2	STAIRS	7
2	WEST	1	6	2	STAIRS	7
2	WEST	-3	4	2	STAIRS	6
2	WEST	-2	5	2	STAIRS	6
2	WEST	-1	6	2	STAIRS	6
2	WEST	4	3	3	STAIRS	7
2	WEST	-4	3	3	STAIRS	6
2	WEST	3	4	3	STAIRS	7
2	WEST	2	5	3	STAIRS	7
2	WEST	1	6	3	STAIRS	7
2	WEST	-3	4	3	STAIRS	6
2	WEST	-2	5	3	STAIRS	6
2	WEST	-1	6	3	STAIRS	6
2	WEST	3	4	4	STAIRS	7
2	WEST	2	5	4	STAIRS	7
2	WEST	1	6	4	STAIRS	7
2	WEST	-3	4	4	STAIRS	6
2	WEST	-2	5	4	STAIRS	6
2	WEST	-1	6	4	STAIRS	6
2	WEST	4	3	5	STAIRS	7
2	WEST	-4	3	5	STAIRS	6
2	WEST	3	4	5	STAIRS	7
2	WEST	2	5	5	STAIRS	7
2	WEST	1	6	5	STAIRS	7
2	WEST	-3	4	5	STAIRS	6
2	WEST	-2	5	5	STAIRS	6
2	WEST	-1	6	5	STAIRS	6
2	WEST	4	3	6	STAIRS	7
2	WEST	-4	3	6	STAIRS	6
2	WEST	3	4	6	STAIRS	7
2	WEST	2	5	6	STAIRS	7
2	WEST	1	6	6	STAIRS	7
2	WEST	-3	4	6	STAIRS	6
2	WEST	-2	5	6	STAIRS	6
2	WEST	-1	6	6	STAIRS	6
2	WEST	4	3	7	STAIRS	7
2	WEST	-4	3	7	STAIRS	6
2	WEST	3	4	7	STAIRS	7
2	WEST	2	5	7	STAIRS	7
2	WEST	1	6	7	STAIRS	7
2	WEST	-3	4	7	STAIRS	6
2	WEST	-2	5	7	STAIRS	6
2	WEST	-1	6	7	STAIRS	6
2	WEST	4	3	9	STAIRS	7
2	WEST	-4	3	9	STAIRS	6
2	WEST	3	4	9	STAIRS	7
2	WEST	2	5	9	STAIRS	7
2	WEST	1	6	9	STAIRS	7
2	WEST	-3	4	9	STAIRS	6
2	WEST	-2	5	9	STAIRS	6
2	WEST	-1	6	9	STAIRS	6
